{
  "name": "סוכנות נדל\"ן של דני",
  "mainPhoto": "/images/realestate/main.jpg",
  "coverImage": "/images/johnsbakery/cover.jpg",
  "gallery": ["/images/realestate/photo1.jpg","/images/realestate/photo1.jpg", "/images/realestate/photo2.jpg"],
  "headerText": "הסוכנות המובילה בנדל\"ן!",
  "about": "אנו מתמחים במכירה והשכרה של נכסים יוקרתיים.",
  "businessHours": "9:00 - 18:00 ראשון-חמישי",
  "contact": {
    "phone": "+972987654321",
    "whatsapp": "https://wa.me/972987654321",
    "email": "danny@realestate.com",
    "facebook": "https://facebook.com/dannyrealestate",
    "instagram": "https://instagram.com/shiraz.k_",
    "website": "https://dannyrealestate.com",
    "linkedin": "https://linkedin.com/in/dannyrealestate",
    "maps": "https://www.google.com/maps?q=Danny's+Real+Estate",
    "waze": "https://waze.com/ul?ll=31.771959,35.217018&navigate=yes"
  },
  "testimonials": {
    "googleReviewsUrl": "https://www.google.com/search?q=danny's+real+estate&ludocid=9876543210987654321"
  },
  "sections": [
    { "subTitle": "שירותים", "content": "מכירה, השכרה, ניהול נכסים" },
    { "subTitle": "נכסים מומלצים", "content": "דירה במרכז תל אביב, וילה בהרצליה פיתוח" }
  ],
  "design": {
    "mainColor": "#1E90FF",
    "secondaryColor": "#333333",
    "font": "1",
    "iconStyle": "2"
  },
  "favicon": "/images/realestate/favicon.ico"
}