{
  "name": "מאפיית ג'ון",
  "mainPhoto": "/images/johnsbakery/main.jpg",
  "coverImage": "/images/johnsbakery/cover.jpg",
  "gallery": ["/images/johnsbakery/photo1.jpg", "/images/johnsbakery/photo2.jpg","/images/johnsbakery/photo1.jpg","/images/johnsbakery/photo1.jpg"],
  "headerText": "המאפייה הטובה בעיר!",
  "about": "אנו אופים לחם ומאפים טריים מדי יום.",
  "businessHours": "9:00 - 17:00 ראשון-חמישי",
  "contact": {
    "phone": "+972123456789",
    "whatsapp": "https://wa.me/972123456789",
    "facebook": "https://facebook.com/johnsbakery",
    "instagram": "https://instagram.com/shiraz.k_",
    "email": "john@bakery.com",
    "website": "https://johnsbakery.com",
    "linkedin": "https://linkedin.com/in/johnsbakery",
    "maps": "https://www.google.com/maps?q=John's+Bakery",
    "waze": "https://waze.com/ul?ll=31.771959,35.217018&navigate=yes"
  },
  "testimonials": {
    "googleReviewsUrl": "https://www.google.com/search?q=john's+bakery&ludocid=1234567890123456789"
  },
  "sections": [
    { "subTitle": "שירותים", "content": "לחם טרי, מאפים, קפה" },
    { "subTitle": "מבצעים מיוחדים", "content": "קנה 2, קבל 1 חינם!" }
  ],
  "design": {
    "mainColor": "#FF5733",
    "secondaryColor": "#333333",
    "font": "1",
    "iconStyle": "2"
  },
  "favicon": "/images/johnsbakery/favicon.ico"
}