{
  "name": "שירז קהלון יועצת נדל\"ן",
  "mainPhoto": "/images/shirazkahloun/main.jpg",
  "coverImage": "/images/shirazkahloun/cover.jpg",
  "gallery": ["/images/shirazkahloun/photo1.png", "/images/shirazkahloun/photo2.png", "/images/shirazkahloun/photo3.png", "/images/shirazkahloun/photo4.png"],
  "headerText": "הסוכנות המובילה באילת!",
  "about": "נעים מאוד, אני שירז קהלון, מתווכת ויועצת נדל\"ן מטעם Key-House.\nליוויתי בעלי דירות ומשקיעים רבים בדרך לעסקאות המוצלחות ביותר עבורם – בדיוק בהתאם למטרות שלהם, עם שירות אישי, מקצועי וללא פשרות.\n\nמה אני מציעה לך?\nעסקה רווחית במינימום כאב ראש – אני דואגת לכל פרט, משלב החיפוש ועד לסגירת העסקה.\nליווי מקצועי ושקוף לאורך כל הדרך – כי מגיע לך לדעת בדיוק מה קורה בכל שלב.\nמציאת דירה מושלמת למגורים – בהתאמה אישית מלאה לצרכים שלך.\nהשקעות חכמות בנדל\"ן – איתור נכסים מניבים שיעבדו בשבילך.\nניהול משא ומתן חסר פשרות – כדי להבטיח שתקבל את העסקה הטובה ביותר.\nקנייה, מכירה והשכרה של כל סוגי הנכסים – כל מה שצריך במקום אחד.\nכל מה שנותר לך לעשות הוא ליצור קשר, ונתחיל ליהנות מהתהליך יחד.\n\nצרו קשר עוד היום ונתקדם לעסקה המושלמת עבורך!\n\nמה דעתך? 😊",
  "businessHours": "9:00 - 18:00 ראשון-חמישי",
  "contact": {
    "phone": "+972987654321",
    "whatsapp": "https://wa.me/972987654321",
    "email": "shiraz@keyhouse.com",
    "facebook": "https://facebook.com/shirazkahloun",
    "instagram": "https://instagram.com/shiraz.k_",
    "website": "https://keyhouse.com",
    "linkedin": "https://linkedin.com/in/shirazkahloun",
    "maps": "https://www.google.com/maps/embed?pb=!1m18!1m12!1m3!1d3446.9225029897815!2d34.9447058!3d29.5542382!2m3!1f0!2f0!3f0!3m2!1i1024!2i768!4f13.1!3m3!1m2!1s0x15006e023ba56685%3A0xc4712f34701704b1!2sKeyhouse%20-%20%D7%A0%D7%93%D7%9C%22%D7%9F%20%D7%90%D7%99%D7%9C%D7%AA%E2%80%AD!5e0!3m2!1sen!2sil!4v1699999999999",
    "waze": "https://www.waze.com/he/live-map/directions/il/%D7%9E%D7%97%D7%95%D7%96-%D7%94%D7%93%D7%A8%D7%95%D7%9D/%D7%90%D7%99%D7%9C%D7%AA/keyhouse-%D7%A0%D7%93%D7%9C%D7%9F-%D7%90%D7%99%D7%9C%D7%AA?navigate=yes&to=place.ChIJhWalOwJuABURsQQXcDQvccQ"
  },
  "testimonials": {
    "googleReviewsUrl": "https://www.google.com/search?q=key+house+eilat&ludocid=9876543210987654321"
  },
  "sections": [
    { "subTitle": "שירותים", "content": "מכירה, השכרה, ניהול נכסים" },
    { "subTitle": "נכסים מומלצים", "content": "דירה במרכז אילת, וילה באילת" }
  ],
  "design": {
    "mainColor": "#FFdd00",
    "secondaryColor": "#333333",
    "font": "1",
    "iconStyle": "2"
  },
  "favicon": "/images/shirazkahloun/favicon.ico"
}